<?xml version="1.0" encoding="utf-8" ?>
<dwsync>
<file name="addon.xml" server="ftp.addonrepo.com" local="130396759312818824" remote="130398201000000000" Dst="2" />
<file name="changelog.txt" server="ftp.addonrepo.com" local="130396759190261814" remote="130398201000000000" Dst="2" />
<file name="default.py" server="ftp.addonrepo.com" local="130396755615447346" remote="130398201000000000" Dst="2" />
<file name="downloader.py" server="ftp.addonrepo.com" local="130396711668993753" remote="130398201000000000" Dst="2" />
<file name="extract.py" server="ftp.addonrepo.com" local="130396711669133761" remote="130398201000000000" Dst="2" />
<file name="icon.png" server="ftp.addonrepo.com" local="130396711669363774" remote="130398201000000000" Dst="2" />
<file name="fanart.jpg" server="ftp.addonrepo.com" local="130396711669313771" remote="130398201000000000" Dst="2" />
<file name="storageserverdummy.py" server="ftp.addonrepo.com" local="130396711669423778" remote="130398201000000000" Dst="2" />
</dwsync>