<?xml version="1.0" encoding="UTF-8" standalone="yes"?>
<addon id="plugin.video.popcornflix" version="1.7.5" name=" [COLOR orange]P[COLOR blue]o[COLOR orange]pcorn[COLOR blue]Flix[/COLOR]" provider-name="[COLOR red][B]Blazetamer[/B][/COLOR]">
<requires>
<import addon="xbmc.python" version="1.0"/>
<import addon="script.module.urlresolver"	version="1.1.0"/>
</requires>
<extension point="xbmc.python.pluginsource" library="default.py">
<provides>video</provides>
</extension>
<extension point="xbmc.addon.metadata">
<summary>PopcornFlix</summary>
<description>***Movies from the Popular Website PopcornFlix  ***For Official support visit xbmchub.com***</description>
<platform>all</platform>
</extension>
</addon>