<?xml version="1.0" encoding="utf-8" ?>
<dwsync>
<file name="close.png" server="ftp.addonrepo.com" local="130388026796577755" remote="130398201000000000" Dst="2" />
<file name="closefocus.png" server="ftp.addonrepo.com" local="130388026796627758" remote="130398201000000000" Dst="2" />
<file name="default-panel1.png" server="ftp.addonrepo.com" local="130388026796687761" remote="130398201000000000" Dst="2" />
<file name="default-scroll-down-focus.png" server="ftp.addonrepo.com" local="130388026796707763" remote="130398201000000000" Dst="2" />
<file name="default-scroll-down.png" server="ftp.addonrepo.com" local="130388026796757765" remote="130398201000000000" Dst="2" />
<file name="default-scroll-up-focus.png" server="ftp.addonrepo.com" local="130388026796837770" remote="130398201000000000" Dst="2" />
<file name="default-scroll-up.png" server="ftp.addonrepo.com" local="130388026796867772" remote="130398201000000000" Dst="2" />
<file name="dialog-panel.png" server="ftp.addonrepo.com" local="130388026796917775" remote="130398201000000000" Dst="2" />
<file name="DialogCloseButton-focus.png" server="ftp.addonrepo.com" local="130388026796937776" remote="130398201000000000" Dst="2" />
<file name="DialogCloseButton.png" server="ftp.addonrepo.com" local="130388026796957777" remote="130398201000000000" Dst="2" />
<file name="icon_left.png" server="ftp.addonrepo.com" local="130388026796977778" remote="130398201000000000" Dst="2" />
<file name="icon_left_focus1.png" server="ftp.addonrepo.com" local="130388026797057783" remote="130398201000000000" Dst="2" />
<file name="icon_right3.png" server="ftp.addonrepo.com" local="130388026797087784" remote="130398201000000000" Dst="2" />
<file name="later.png" server="ftp.addonrepo.com" local="130388026797157788" remote="130398201000000000" Dst="2" />
<file name="laterfocus.png" server="ftp.addonrepo.com" local="130388026797187790" remote="130398201000000000" Dst="2" />
<file name="list-focus1.png" server="ftp.addonrepo.com" local="130388026797237793" remote="130398201000000000" Dst="2" />
<file name="list-focus2.png" server="ftp.addonrepo.com" local="130388026797257794" remote="130398201000000000" Dst="2" />
<file name="list-focus2_.png" server="ftp.addonrepo.com" local="130388026797277795" remote="130398201000000000" Dst="2" />
<file name="list-nofocus1.png" server="ftp.addonrepo.com" local="130388026797297796" remote="130398201000000000" Dst="2" />
<file name="restart.png" server="ftp.addonrepo.com" local="130388026797317797" remote="130398201000000000" Dst="2" />
<file name="restartfocus.png" server="ftp.addonrepo.com" local="130388026797347799" remote="130398201000000000" Dst="2" />
<file name="scrollbar_background1.png" server="ftp.addonrepo.com" local="130388026797487807" remote="130398201000000000" Dst="2" />
<file name="scrollbar_bar1.png" server="ftp.addonrepo.com" local="130388026797507808" remote="130398201600000000" Dst="2" />
<file name="scrollbar_bar_focus1.png" server="ftp.addonrepo.com" local="130388026797567812" remote="130398201600000000" Dst="2" />
<file name="xbmchub_logo.jpg" server="ftp.addonrepo.com" local="130388026797617815" remote="130398201600000000" Dst="2" />
<file name="xbmchub_logo.png" server="ftp.addonrepo.com" local="130388026797637816" remote="130398201600000000" Dst="2" />
</dwsync>