<?xml version="1.0" encoding="utf-8" ?>
<dwsync>
<file name="chanufc.py" server="ftp.addonrepo.com" local="130403703385702206" remote="130404436200000000" Dst="2" />
<file name="chia.py" server="ftp.addonrepo.com" local="130403703385822213" remote="130404436200000000" Dst="2" />
<file name="epornik.py" server="ftp.addonrepo.com" local="130403703385862215" remote="130404436800000000" Dst="2" />
<file name="logup.py" server="ftp.addonrepo.com" local="130403703386102229" remote="130404436800000000" Dst="2" />
<file name="live.py" server="ftp.addonrepo.com" local="130404505585234594" remote="130404436800000000" Dst="2" />
<file name="moviedc.py" server="ftp.addonrepo.com" local="130403703386462249" remote="130404436800000000" Dst="2" />
<file name="main.py" server="ftp.addonrepo.com" local="130403703386382245" remote="130404436800000000" Dst="2" />
<file name="phub.py" server="ftp.addonrepo.com" local="130403703386562255" remote="130404436800000000" Dst="2" />
<file name="sgate.py" server="ftp.addonrepo.com" local="130403703386792268" remote="130404436800000000" Dst="2" />
<file name="status.py" server="ftp.addonrepo.com" local="130403703386902274" remote="130404436800000000" Dst="2" />
<file name="supertoons.py" server="ftp.addonrepo.com" local="130403703386942277" remote="130404436800000000" Dst="2" />
<file name="tvshow.py" server="ftp.addonrepo.com" local="130403703387032282" remote="130404436800000000" Dst="2" />
<file name="__init__.py" server="ftp.addonrepo.com" local="130403703387072284" remote="130398201000000000" Dst="2" />
<file name="iwo.py" server="ftp.addonrepo.com" local="130403703385942219" remote="130404436800000000" Dst="2" />
<file name="oneeighty.py" server="ftp.addonrepo.com" local="130403703386482250" remote="130404436800000000" Dst="2" />
</dwsync>