<?xml version="1.0" encoding="UTF-8" standalone="yes"?>
<addon id="plugin.video.twomovies" version="1.0.1" name="[COLOR gold]2 Movies[/COLOR]" provider-name="[COLOR red]Blazetamer[/COLOR]with Artwork by Marquerite">
<requires>
<import addon="xbmc.python" version="2.1.0"/>
<import addon="script.module.urlresolver"  version="2.0.9"/>
<import addon="script.module.metahandler" version="1.0.0" />
<import addon="script.module.t0mm0.common" version="1.1.0"/>
<import addon="script.module.mechanize" version="0.2.6"/>
<import addon="script.common.plugin.cache" version="0.9.1"/>


</requires>
<extension point="xbmc.python.pluginsource" library="default.py">
<provides>video</provides>
</extension>
<extension point="xbmc.addon.metadata">
<summary>[COLOR gold]Content from the 2Movies website[/COLOR]</summary>
<description>A deep database of movies and other content from 2Movies, This addon has multiple ways to search and find movies "TV Shows Coming soon" </description>

<platform>all</platform>
</extension>
</addon>