<?xml version="1.0" encoding="utf-8" ?>
<dwsync>
<file name="dnetnext.png" server="ftp.addonrepo.com" local="130280932954793840" remote="130398201000000000" Dst="2" />
<file name="docnet.png" server="ftp.addonrepo.com" local="130280165450369542" remote="130398201000000000" Dst="2" />
<file name="doculog.png" server="ftp.addonrepo.com" local="130280168239539073" remote="130398201000000000" Dst="2" />
<file name="docstorm.png" server="ftp.addonrepo.com" local="130280172583267521" remote="130398201000000000" Dst="2" />
<file name="dsnext.png" server="ftp.addonrepo.com" local="130280932194970381" remote="130398201000000000" Dst="2" />
<file name="icon.png" server="ftp.addonrepo.com" local="130279841805039072" remote="130398201000000000" Dst="2" />
<file name="topdocfilm.png" server="ftp.addonrepo.com" local="130268057722559639" remote="130398201000000000" Dst="2" />
<file name="next.png" server="ftp.addonrepo.com" local="130280933780156256" remote="130398201000000000" Dst="2" />
<file name="fanart.jpg" server="ftp.addonrepo.com" local="130279835404960928" remote="130398201000000000" Dst="2" />
</dwsync>