<?xml version="1.0" encoding="utf-8" ?>
<dwsync>
<file name="close.png" server="ftp.addonrepo.com" local="130420810516088257" remote="130429564800000000" Dst="2" />
<file name="closefocus.png" server="ftp.addonrepo.com" local="130420810516108259" remote="130429564800000000" Dst="2" />
<file name="default-panel1.png" server="ftp.addonrepo.com" local="130420810516128260" remote="130429564800000000" Dst="2" />
<file name="default-scroll-down-focus.png" server="ftp.addonrepo.com" local="130420810516218265" remote="130429564800000000" Dst="2" />
<file name="default-scroll-down.png" server="ftp.addonrepo.com" local="130420810516238266" remote="130429564800000000" Dst="2" />
<file name="default-scroll-up-focus.png" server="ftp.addonrepo.com" local="130420810516298270" remote="130429564800000000" Dst="2" />
<file name="default-scroll-up.png" server="ftp.addonrepo.com" local="130420810516328271" remote="130429564800000000" Dst="2" />
<file name="dialog-panel.png" server="ftp.addonrepo.com" local="130420810516378274" remote="130429564800000000" Dst="2" />
<file name="DialogCloseButton-focus.png" server="ftp.addonrepo.com" local="130420810516448278" remote="130429564800000000" Dst="2" />
<file name="DialogCloseButton.png" server="ftp.addonrepo.com" local="130420810516478280" remote="130429564800000000" Dst="2" />
<file name="icon_left.png" server="ftp.addonrepo.com" local="130420810516498281" remote="130429564800000000" Dst="2" />
<file name="icon_left_focus1.png" server="ftp.addonrepo.com" local="130420810516518282" remote="130429564800000000" Dst="2" />
<file name="icon_right3.png" server="ftp.addonrepo.com" local="130420810516538283" remote="130429564800000000" Dst="2" />
<file name="later.png" server="ftp.addonrepo.com" local="130420810516558284" remote="130429564800000000" Dst="2" />
<file name="laterfocus.png" server="ftp.addonrepo.com" local="130420810516588286" remote="130429564800000000" Dst="2" />
<file name="list-focus1.png" server="ftp.addonrepo.com" local="130420810516648290" remote="130429564800000000" Dst="2" />
<file name="list-focus2.png" server="ftp.addonrepo.com" local="130420810516668291" remote="130429564800000000" Dst="2" />
<file name="list-focus2_.png" server="ftp.addonrepo.com" local="130420810516688292" remote="130429564800000000" Dst="2" />
<file name="list-nofocus1.png" server="ftp.addonrepo.com" local="130420810516778297" remote="130429564800000000" Dst="2" />
<file name="restart.png" server="ftp.addonrepo.com" local="130420810516858302" remote="130429564800000000" Dst="2" />
<file name="restartfocus.png" server="ftp.addonrepo.com" local="130420810516898304" remote="130429564800000000" Dst="2" />
<file name="scrollbar_background1.png" server="ftp.addonrepo.com" local="130420810516918305" remote="130429564800000000" Dst="2" />
<file name="scrollbar_bar1.png" server="ftp.addonrepo.com" local="130420810516938306" remote="130429564800000000" Dst="2" />
<file name="scrollbar_bar_focus1.png" server="ftp.addonrepo.com" local="130420810517018311" remote="130429564800000000" Dst="2" />
<file name="xbmchub_logo.jpg" server="ftp.addonrepo.com" local="130420810517048312" remote="130429564800000000" Dst="2" />
<file name="xbmchub_logo.png" server="ftp.addonrepo.com" local="130420810517108316" remote="130429564800000000" Dst="2" />
</dwsync>