<?xml version="1.0" encoding="utf-8" ?>
<dwsync>
<file name="close.png" server="ftp.addonrepo.com" local="130403703387562312" remote="130404436800000000" Dst="2" />
<file name="closefocus.png" server="ftp.addonrepo.com" local="130403703387652317" remote="130404436800000000" Dst="2" />
<file name="default-panel1.png" server="ftp.addonrepo.com" local="130403703387672318" remote="130404436800000000" Dst="2" />
<file name="default-scroll-down-focus.png" server="ftp.addonrepo.com" local="130403703387692320" remote="130404436800000000" Dst="2" />
<file name="default-scroll-down.png" server="ftp.addonrepo.com" local="130403703387802326" remote="130404436800000000" Dst="2" />
<file name="default-scroll-up-focus.png" server="ftp.addonrepo.com" local="130403703387852329" remote="130404436800000000" Dst="2" />
<file name="default-scroll-up.png" server="ftp.addonrepo.com" local="130403703387882330" remote="130404436800000000" Dst="2" />
<file name="dialog-panel.png" server="ftp.addonrepo.com" local="130403703387912332" remote="130404436800000000" Dst="2" />
<file name="DialogCloseButton-focus.png" server="ftp.addonrepo.com" local="130403703387982336" remote="130404436800000000" Dst="2" />
<file name="DialogCloseButton.png" server="ftp.addonrepo.com" local="130403703388102343" remote="130404436800000000" Dst="2" />
<file name="icon_left.png" server="ftp.addonrepo.com" local="130403703388142345" remote="130404436800000000" Dst="2" />
<file name="icon_left_focus1.png" server="ftp.addonrepo.com" local="130403703388192348" remote="130404436800000000" Dst="2" />
<file name="icon_right3.png" server="ftp.addonrepo.com" local="130403703388222350" remote="130404436800000000" Dst="2" />
<file name="later.png" server="ftp.addonrepo.com" local="130403703388242351" remote="130404436800000000" Dst="2" />
<file name="laterfocus.png" server="ftp.addonrepo.com" local="130403703388262352" remote="130404436800000000" Dst="2" />
<file name="list-focus1.png" server="ftp.addonrepo.com" local="130403703388352357" remote="130404436800000000" Dst="2" />
<file name="list-focus2.png" server="ftp.addonrepo.com" local="130403703388432362" remote="130404436800000000" Dst="2" />
<file name="list-focus2_.png" server="ftp.addonrepo.com" local="130403703388462364" remote="130404436800000000" Dst="2" />
<file name="list-nofocus1.png" server="ftp.addonrepo.com" local="130403703388482365" remote="130404436800000000" Dst="2" />
<file name="restart.png" server="ftp.addonrepo.com" local="130403703388532368" remote="130404436800000000" Dst="2" />
<file name="restartfocus.png" server="ftp.addonrepo.com" local="130403703388552369" remote="130404436800000000" Dst="2" />
<file name="scrollbar_background1.png" server="ftp.addonrepo.com" local="130403703388572370" remote="130404436800000000" Dst="2" />
<file name="scrollbar_bar1.png" server="ftp.addonrepo.com" local="130403703388592371" remote="130404436800000000" Dst="2" />
<file name="scrollbar_bar_focus1.png" server="ftp.addonrepo.com" local="130403703388612372" remote="130404436800000000" Dst="2" />
<file name="xbmchub_logo.jpg" server="ftp.addonrepo.com" local="130403703388642374" remote="130404436800000000" Dst="2" />
<file name="xbmchub_logo.png" server="ftp.addonrepo.com" local="130403703388752380" remote="130404436800000000" Dst="2" />
</dwsync>