<?xml version="1.0" encoding="UTF-8" standalone="yes"?>
<addon id="plugin.video.docuhub" version="1.0.0" name="Docu-Hub" provider-name="[COLOR red]Blazetamer[/COLOR]">
<requires>
<import addon="xbmc.python" version="1.0"/>
<import addon="script.module.urlresolver"  version="1.0.0"/>
<import addon="script.module.metahandler" version="1.0.0" />
<import addon="script.module.t0mm0.common" version="1.1.0"/>
<import addon="plugin.video.vimeo" version="1.1.0"/>

</requires>
<extension point="xbmc.python.pluginsource" library="default.py">
<provides>video</provides>
</extension>
<extension point="xbmc.addon.metadata">
<summary>DocuHub Documentary Films</summary>
<description>Documentary Films from the Web</description>

<platform>all</platform>
</extension>
</addon>