<?xml version="1.0" encoding="utf-8" ?>
<dwsync>
<file name="chanufc.py" server="ftp.addonrepo.com" local="130388026794637644" remote="130398201000000000" Dst="2" />
<file name="chia.py" server="ftp.addonrepo.com" local="130388026794827655" remote="130398201000000000" Dst="2" />
<file name="epornik.py" server="ftp.addonrepo.com" local="130388026794897659" remote="130398201000000000" Dst="2" />
<file name="logup.py" server="ftp.addonrepo.com" local="130388026795117672" remote="130398201000000000" Dst="2" />
<file name="live.py" server="ftp.addonrepo.com" local="130389652463875518" remote="130398201000000000" Dst="2" />
<file name="moviedc.py" server="ftp.addonrepo.com" local="130388026795417689" remote="130398201000000000" Dst="2" />
<file name="main.py" server="ftp.addonrepo.com" local="130388026795257680" remote="130398201000000000" Dst="2" />
<file name="phub.py" server="ftp.addonrepo.com" local="130388026795507694" remote="130398201000000000" Dst="2" />
<file name="sgate.py" server="ftp.addonrepo.com" local="130388026795647702" remote="130398201000000000" Dst="2" />
<file name="status.py" server="ftp.addonrepo.com" local="130388026795747708" remote="130398201000000000" Dst="2" />
<file name="supertoons.py" server="ftp.addonrepo.com" local="130388026795877715" remote="130398201000000000" Dst="2" />
<file name="tvshow.py" server="ftp.addonrepo.com" local="130388026795997722" remote="130398201000000000" Dst="2" />
<file name="__init__.py" server="ftp.addonrepo.com" local="130388026796017723" remote="130398201000000000" Dst="2" />
</dwsync>