<?xml version="1.0" encoding="utf-8" ?>
<dwsync>
<file name="addon.xml" server="ftp.addonrepo.com" local="130389654635809745" remote="130398201000000000" Dst="2" />
<file name="changelog.txt" server="ftp.addonrepo.com" local="130389654863202752" remote="130398201000000000" Dst="2" />
<file name="download.py" server="ftp.addonrepo.com" local="130388026794207620" remote="130398201000000000" Dst="2" />
<file name="default.py" server="ftp.addonrepo.com" local="130388026794167617" remote="130398201000000000" Dst="2" />
<file name="downloader.py" server="ftp.addonrepo.com" local="130388026794297625" remote="130398201000000000" Dst="2" />
<file name="extract.py" server="ftp.addonrepo.com" local="130388026794317626" remote="130398201000000000" Dst="2" />
<file name="icon.png" server="ftp.addonrepo.com" local="130388026794487636" remote="130398201000000000" Dst="2" />
<file name="fanart.jpg" server="ftp.addonrepo.com" local="130388026794457634" remote="130398201000000000" Dst="2" />
<file name="settings.py" server="ftp.addonrepo.com" local="130388026798217849" remote="130398201600000000" Dst="2" />
<file name="storageserverdummy.py" server="ftp.addonrepo.com" local="130388026798257851" remote="130398201600000000" Dst="2" />
</dwsync>