<?xml version="1.0" encoding="utf-8" ?>
<dwsync>
<file name="addon.xml" server="ftp.addonrepo.com" local="130388177434843771" remote="130429564800000000" Dst="2" />
<file name="changelog.txt" server="ftp.addonrepo.com" local="130388177752371933" remote="130429564800000000" Dst="2" />
<file name="download.py" server="ftp.addonrepo.com" local="130385407732093019" remote="130429564800000000" Dst="2" />
<file name="default.py" server="ftp.addonrepo.com" local="130388176619607142" remote="130429564800000000" Dst="2" />
<file name="downloader.py" server="ftp.addonrepo.com" local="130385407732143022" remote="130429564800000000" Dst="2" />
<file name="extract.py" server="ftp.addonrepo.com" local="130385407732163023" remote="130429564800000000" Dst="2" />
<file name="icon.png" server="ftp.addonrepo.com" local="130385407732253028" remote="130429564800000000" Dst="2" />
<file name="fanart.jpg" server="ftp.addonrepo.com" local="130385407732213026" remote="130429564800000000" Dst="2" />
<file name="settings.py" server="ftp.addonrepo.com" local="130385407732303031" remote="130429564800000000" Dst="2" />
<file name="storageserverdummy.py" server="ftp.addonrepo.com" local="130385407732323032" remote="130429564800000000" Dst="2" />
</dwsync>