<?xml version="1.0" encoding="utf-8" ?>
<dwsync>
<file name="chanufc.py" server="ftp.addonrepo.com" local="130420810513388103" remote="130429564800000000" Dst="2" />
<file name="chia.py" server="ftp.addonrepo.com" local="130420810513518110" remote="130429564800000000" Dst="2" />
<file name="epornik.py" server="ftp.addonrepo.com" local="130420810513558113" remote="130429564800000000" Dst="2" />
<file name="live.py" server="ftp.addonrepo.com" local="130425217100270924" remote="130429564800000000" Dst="2" />
<file name="logup.py" server="ftp.addonrepo.com" local="130420810514058141" remote="130429564800000000" Dst="2" />
<file name="moviedc.py" server="ftp.addonrepo.com" local="130420810514358159" remote="130429564800000000" Dst="2" />
<file name="main.py" server="ftp.addonrepo.com" local="130420810514308156" remote="130429564800000000" Dst="2" />
<file name="phub.py" server="ftp.addonrepo.com" local="130420810514488166" remote="130429564800000000" Dst="2" />
<file name="sgate.py" server="ftp.addonrepo.com" local="130420810514618173" remote="130429564800000000" Dst="2" />
<file name="status.py" server="ftp.addonrepo.com" local="130420810514828185" remote="130429564800000000" Dst="2" />
<file name="supertoons.py" server="ftp.addonrepo.com" local="130420810515098201" remote="130429564800000000" Dst="2" />
<file name="__init__.py" server="ftp.addonrepo.com" local="130420810515358216" remote="130398309000000000" Dst="2" />
<file name="tvshow.py" server="ftp.addonrepo.com" local="130420810515268211" remote="130429564800000000" Dst="2" />
<file name="oneeighty.py" server="ftp.addonrepo.com" local="130420810514418162" remote="130429564800000000" Dst="2" />
<file name="frightpix.py" server="ftp.addonrepo.com" local="130420810513758124" remote="130429564800000000" Dst="2" />
<file name="flix.py" server="ftp.addonrepo.com" local="130420810513668119" remote="130429564800000000" Dst="2" />
<file name="iwo.py" server="ftp.addonrepo.com" local="130420810513888132" remote="130429564800000000" Dst="2" />
<file name="streamlic.py" server="ftp.addonrepo.com" local="130420810514968193" remote="130429564800000000" Dst="2" />
</dwsync>