<?xml version="1.0" encoding="UTF-8" standalone="yes"?>
<addon id="plugin.video.moviedb" version="1.0.1" name="MDB Ultra" provider-name="Blazetamer">
<requires>
<import addon="xbmc.python" version="2.1.0"/>
<import addon="script.module.urlresolver"  version="2.1.2"/>
<import addon="script.module.metahandler" version="2.3.1" />
<import addon="script.common.plugin.cache" version="2.5.2"/>
<import addon="script.module.addon.common" version="2.0.0"/>
<import addon="script.module.simple.downloader" version="1.9.4" />


</requires>

<extension point="xbmc.python.pluginsource" library="default.py">
<provides>video</provides>
</extension>
<extension point="xbmc.addon.metadata">
<summary>MDb ULTRA Version-Movies/TV</summary>
<description>- MDB Ultra ** Includes Movies and Tv Shows from several source websites. Content is updated daily. Download to your libray with a Queue!! Addon contains MerDb.ru and more on the way. See the Announcement /Info section within the addon for more information!</description>
<forum>http://www.xbmchub.com/forums/blazetamers-repository/</forum>
<website>http://www.xbmchub.com/</website>

<platform>all</platform>
</extension>
</addon>