<?xml version="1.0" encoding="UTF-8" standalone="yes"?>
<addon id="repository.BlazeRepo" name="Blazetamer's Repository" version="2.7" provider-name="Blazetamer">
	<extension point="xbmc.addon.repository" name="Blazetamer's Addon Repository">
		<info compressed="false">http://github.com/Blazetamer/Repo/raw/master/addons.xml</info>
		<checksum>http://github.com/Blazetamer/Repo/raw/master/addons.xml.md5</checksum>
		<datadir zip="true">http://github.com/Blazetamer/Repo/raw/master/zips</datadir>
	</extension>
	<extension point="xbmc.addon.metadata">
		<summary>Install all of Blazetamer's Addons</summary>
		<description>Download and install addons from Blazetamer.......For Official Support Visit XBMCHUB.COM</description>
		<platform>all</platform>
	</extension>
</addon>

