<?xml version="1.0" encoding="utf-8" ?>
<dwsync>
<file name="addon.xml" server="ftp.addonrepo.com" local="130407145503371776" remote="130407039000000000" Dst="2" />
<file name="changelog.txt" server="ftp.addonrepo.com" local="130396799130636273" remote="130407039000000000" Dst="2" />
<file name="default.py" server="ftp.addonrepo.com" local="130407136614319559" remote="130407039000000000" Dst="2" />
<file name="downloader.py" server="ftp.addonrepo.com" local="130396799130816283" remote="130407039000000000" Dst="2" />
<file name="extract.py" server="ftp.addonrepo.com" local="130396799130866286" remote="130407039000000000" Dst="2" />
<file name="fanart.jpg" server="ftp.addonrepo.com" local="130396799130946290" remote="130407039000000000" Dst="2" />
<file name="icon.png" server="ftp.addonrepo.com" local="130396799130976292" remote="130407039000000000" Dst="2" />
<file name="storageserverdummy.py" server="ftp.addonrepo.com" local="130396799131066297" remote="130407039000000000" Dst="2" />
</dwsync>