<?xml version="1.0" encoding="utf-8" ?>
<dwsync>
<file name="addon.xml" server="ftp.addonrepo.com" local="130396759846229333" remote="130398201000000000" Dst="2" />
<file name="changelog.txt" server="ftp.addonrepo.com" local="130396759760694441" remote="130398201000000000" Dst="2" />
<file name="default.py" server="ftp.addonrepo.com" local="130396741174301360" remote="130398201000000000" Dst="2" />
<file name="extract.py" server="ftp.addonrepo.com" local="130396711758658882" remote="130398201000000000" Dst="2" />
<file name="downloader.py" server="ftp.addonrepo.com" local="130396711758588878" remote="130398201000000000" Dst="2" />
<file name="fanart.jpg" server="ftp.addonrepo.com" local="130396711758768888" remote="130398201000000000" Dst="2" />
<file name="icon.png" server="ftp.addonrepo.com" local="130396711758788889" remote="130398201000000000" Dst="2" />
<file name="storageserverdummy.py" server="ftp.addonrepo.com" local="130396711758818891" remote="130398201000000000" Dst="2" />
</dwsync>