<?xml version="1.0" encoding="utf-8" ?>
<dwsync>
<file name="addon.xml" server="ftp.addonrepo.com" local="130404539225718720" remote="130404436200000000" Dst="2" />
<file name="changelog.txt" server="ftp.addonrepo.com" local="130403703385132173" remote="130404436200000000" Dst="2" />
<file name="download.py" server="ftp.addonrepo.com" local="130403703385312183" remote="130404436200000000" Dst="2" />
<file name="default.py" server="ftp.addonrepo.com" local="130404509399662767" remote="130404436200000000" Dst="2" />
<file name="downloader.py" server="ftp.addonrepo.com" local="130403703385322184" remote="130404436200000000" Dst="2" />
<file name="extract.py" server="ftp.addonrepo.com" local="130403703385342185" remote="130404436200000000" Dst="2" />
<file name="icon.png" server="ftp.addonrepo.com" local="130403703385632202" remote="130404436200000000" Dst="2" />
<file name="fanart.jpg" server="ftp.addonrepo.com" local="130404492209309535" remote="130404436200000000" Dst="2" />
<file name="settings.py" server="ftp.addonrepo.com" local="130403703389552426" remote="130404436800000000" Dst="2" />
<file name="storageserverdummy.py" server="ftp.addonrepo.com" local="130403703389582428" remote="130404436800000000" Dst="2" />
</dwsync>