<?xml version="1.0" encoding="utf-8" ?>
<dwsync>
<file name="buggalo-black.png" server="ftp.addonrepo.com" local="130420810515558227" remote="130429564800000000" Dst="2" />
<file name="buggalo-button-focus.png" server="ftp.addonrepo.com" local="130420810515578228" remote="130429564800000000" Dst="2" />
<file name="buggalo-button.png" server="ftp.addonrepo.com" local="130420810515738237" remote="130429564800000000" Dst="2" />
<file name="buggalo-glasspane.png" server="ftp.addonrepo.com" local="130420810515788240" remote="130429564800000000" Dst="2" />
<file name="buggalo-error.png" server="ftp.addonrepo.com" local="130420810515768239" remote="130429564800000000" Dst="2" />
<file name="background2.png" server="ftp.addonrepo.com" local="130395933264611569" remote="130429564800000000" Dst="2" />
<file name="background_menu_left.png" server="ftp.addonrepo.com" local="130395933264751577" remote="130429564800000000" Dst="2" />
<file name="background1.jpg" server="ftp.addonrepo.com" local="130395933264321552" remote="130429564800000000" Dst="2" />
<file name="background_txt.png" server="ftp.addonrepo.com" local="130395933264781579" remote="130429564800000000" Dst="2" />
<file name="button-nofocus.png" server="ftp.addonrepo.com" local="130395933264831582" remote="130429564800000000" Dst="2" />
<file name="button-focus.png" server="ftp.addonrepo.com" local="130395933264811580" remote="130429564800000000" Dst="2" />
<file name="default-panel1.png" server="ftp.addonrepo.com" local="130395933264921587" remote="130429564800000000" Dst="2" />
<file name="default-scroll-down-focus.png" server="ftp.addonrepo.com" local="130395933264951588" remote="130429564800000000" Dst="2" />
<file name="default-scroll-down.png" server="ftp.addonrepo.com" local="130395933264971590" remote="130429564800000000" Dst="2" />
<file name="default-scroll-up-focus.png" server="ftp.addonrepo.com" local="130395933265021592" remote="130429564800000000" Dst="2" />
<file name="default-scroll-up.png" server="ftp.addonrepo.com" local="130395933265071595" remote="130429564800000000" Dst="2" />
<file name="dialog-panel.png" server="ftp.addonrepo.com" local="130395933265101597" remote="130429564800000000" Dst="2" />
<file name="icon_audio.png" server="ftp.addonrepo.com" local="130395933265141599" remote="130429564800000000" Dst="2" />
<file name="icon_download.png" server="ftp.addonrepo.com" local="130395933265161600" remote="130429564800000000" Dst="2" />
<file name="icon_favorites.png" server="ftp.addonrepo.com" local="130395933265231604" remote="130429564800000000" Dst="2" />
<file name="icon_html.png" server="ftp.addonrepo.com" local="130395933265261606" remote="130429564800000000" Dst="2" />
<file name="icon_image.png" server="ftp.addonrepo.com" local="130395933265311609" remote="130429564800000000" Dst="2" />
<file name="icon_left.png" server="ftp.addonrepo.com" local="130395933265391614" remote="130429564800000000" Dst="2" />
<file name="icon_left_focus1.png" server="ftp.addonrepo.com" local="130395933265411615" remote="130429564800000000" Dst="2" />
<file name="icon_playlist.png" server="ftp.addonrepo.com" local="130395933265451617" remote="130429564800000000" Dst="2" />
<file name="icon_plugin.png" server="ftp.addonrepo.com" local="130395933265481619" remote="130429564800000000" Dst="2" />
<file name="icon_right.png" server="ftp.addonrepo.com" local="130395933265511620" remote="130429564800000000" Dst="2" />
<file name="icon_right3.png" server="ftp.addonrepo.com" local="130395933265601626" remote="130429564800000000" Dst="2" />
<file name="icon_right_focus3.png" server="ftp.addonrepo.com" local="130395933265621627" remote="130429564800000000" Dst="2" />
<file name="icon_rss.png" server="ftp.addonrepo.com" local="130395933265691631" remote="130429564800000000" Dst="2" />
<file name="icon_script.png" server="ftp.addonrepo.com" local="130395933265731633" remote="130429564800000000" Dst="2" />
<file name="icon_search.png" server="ftp.addonrepo.com" local="130395933266311666" remote="130429564800000000" Dst="2" />
<file name="icon_text.png" server="ftp.addonrepo.com" local="130395933266341668" remote="130429564800000000" Dst="2" />
<file name="icon_video.png" server="ftp.addonrepo.com" local="130395933266401671" remote="130429564800000000" Dst="2" />
<file name="list-focus1.png" server="ftp.addonrepo.com" local="130395933266451674" remote="130429564800000000" Dst="2" />
<file name="imageview.png" server="ftp.addonrepo.com" local="130395933266431673" remote="130429564800000000" Dst="2" />
<file name="list-focus2.png" server="ftp.addonrepo.com" local="130395933266551680" remote="130429564800000000" Dst="2" />
<file name="lock-icon.png" server="ftp.addonrepo.com" local="130395933266631685" remote="130429564800000000" Dst="2" />
<file name="list-nofocus1.png" server="ftp.addonrepo.com" local="130395933266611683" remote="130429564800000000" Dst="2" />
<file name="list-focus2_.png" server="ftp.addonrepo.com" local="130395933266581682" remote="130429564800000000" Dst="2" />
<file name="navi-x3.png" server="ftp.addonrepo.com" local="130395933266831696" remote="130429564800000000" Dst="2" />
<file name="navi-x.png" server="ftp.addonrepo.com" local="130395933266671687" remote="130429564800000000" Dst="2" />
<file name="navi-x2.png" server="ftp.addonrepo.com" local="130395933266801694" remote="130429564800000000" Dst="2" />
<file name="panel-focus1.png" server="ftp.addonrepo.com" local="130395933266921701" remote="130429564800000000" Dst="2" />
<file name="rating0.png" server="ftp.addonrepo.com" local="130395933266951703" remote="130429564800000000" Dst="2" />
<file name="rating1.png" server="ftp.addonrepo.com" local="130395933266971704" remote="130429564800000000" Dst="2" />
<file name="rating4.png" server="ftp.addonrepo.com" local="130395933267121713" remote="130429564800000000" Dst="2" />
<file name="rating3.png" server="ftp.addonrepo.com" local="130395933267091711" remote="130429564800000000" Dst="2" />
<file name="rating2.png" server="ftp.addonrepo.com" local="130395933267031707" remote="130429564800000000" Dst="2" />
<file name="rating5.png" server="ftp.addonrepo.com" local="130395933267161715" remote="130429564800000000" Dst="2" />
<file name="scrollbar_background1.png" server="ftp.addonrepo.com" local="130395933267191717" remote="130429564800000000" Dst="2" />
<file name="scrollbar_bar1.png" server="ftp.addonrepo.com" local="130395933267211718" remote="130429564800000000" Dst="2" />
<file name="scrollbar_bar_focus1.png" server="ftp.addonrepo.com" local="130395933267241719" remote="130429564800000000" Dst="2" />
<file name="thumb_audio.png" server="ftp.addonrepo.com" local="130395933269201832" remote="130429564800000000" Dst="2" />
<file name="shortcut.png" server="ftp.addonrepo.com" local="130395933267381727" remote="130429564800000000" Dst="2" />
<file name="shoutcast.png" server="ftp.addonrepo.com" local="130395933268011763" remote="130429564800000000" Dst="2" />
<file name="thumb_favorites.png" server="ftp.addonrepo.com" local="130395933269811866" remote="130429564800000000" Dst="2" />
<file name="thumb_html.png" server="ftp.addonrepo.com" local="130395933270291894" remote="130429564800000000" Dst="2" />
<file name="thumb_image.png" server="ftp.addonrepo.com" local="130395933270611912" remote="130429564800000000" Dst="2" />
<file name="thumb_playlist.png" server="ftp.addonrepo.com" local="130395933270801923" remote="130429564800000000" Dst="2" />
<file name="thumb_script.png" server="ftp.addonrepo.com" local="130395933270961932" remote="130429564800000000" Dst="2" />
<file name="thumb_rss.png" server="ftp.addonrepo.com" local="130395933270931930" remote="130429564800000000" Dst="2" />
<file name="thumb_search.png" server="ftp.addonrepo.com" local="130395933271011935" remote="130429564800000000" Dst="2" />
<file name="thumb_text.png" server="ftp.addonrepo.com" local="130395933271271950" remote="130429564800000000" Dst="2" />
<file name="unlock-icon.png" server="ftp.addonrepo.com" local="130395933271781979" remote="130429564800000000" Dst="2" />
<file name="thumb_video.png" server="ftp.addonrepo.com" local="130395933271761978" remote="130429564800000000" Dst="2" />
</dwsync>