<?xml version="1.0" encoding="UTF-8" standalone="yes"?>
<addon id="plugin.video.popcornflix" version="2.0.0" name="PopcornFlix" provider-name="Blazetamer">
<requires>
<import addon="xbmc.python" version="2.1.0"/>
<import addon="script.module.urlresolver"  version="2.1.2"/>
<import addon="script.module.metahandler" version="2.3.1" />
<import addon="script.common.plugin.cache" version="2.5.2"/>
<import addon="script.module.addon.common" version="2.0.0"/>
<import addon="script.module.simple.downloader" version="1.9.4" />

</requires>
<extension point="xbmc.python.pluginsource" library="default.py">
<provides>video</provides>
</extension>
<extension point="xbmc.addon.metadata">
<summary>PopcornFlix</summary>
<description>***Movies from the Popular Website PopcornFlix  ***For Official support visit xbmchub.com***</description>
<platform>all</platform>
</extension>
</addon>