<?xml version="1.0" encoding="UTF-8" standalone="yes"?>
<addon id="plugin.video.frightpix" version="1.0.0b" name="FrightPix" provider-name="Blazetamer">
<requires>
<import addon="xbmc.python" version="2.1.0"/>
<import addon="script.module.urlresolver"  version="2.1.2"/>
<import addon="script.module.metahandler" version="2.3.1" />
<import addon="script.common.plugin.cache" version="2.5.2"/>
</requires>
<extension point="xbmc.python.pluginsource" library="default.py">
<provides>video</provides>
</extension>
<extension point="xbmc.addon.metadata">
<summary>Cutting Edge and Horror Films</summary>
<description>***Cutting Edge and Horror/Slasher films and movies from the Popular Website FrightPix You may also download the streamfiles to your library. ***For Official support visit xbmchub.com***</description>
<platform>all</platform>
</extension>
</addon>